<refentry xmlns="http://docbook.org/ns/docbook"
          xmlns:xlink="http://www.w3.org/1999/xlink"
          xmlns:xi="http://www.w3.org/2001/XInclude"
          xmlns:src="http://nwalsh.com/xmlns/litprog/fragment"
          xmlns:xsl="http://www.w3.org/1999/XSL/Transform"
          version="5.0" xml:id="author.othername.in.middle">
<refmeta>
<refentrytitle>author.othername.in.middle</refentrytitle>
<refmiscinfo class="other" otherclass="datatype">boolean</refmiscinfo>
</refmeta>
<refnamediv>
<refname>author.othername.in.middle</refname>
<refpurpose>Is <tag>othername</tag> in <tag>author</tag> a
middle name?</refpurpose>
</refnamediv>

<refsynopsisdiv>
<src:fragment xml:id="author.othername.in.middle.frag"><xsl:param name="author.othername.in.middle" select="1"/></src:fragment>
</refsynopsisdiv>

<refsection><info><title>Description</title></info>

<para>If true (non-zero), the <tag>othername</tag> of an <tag>author</tag>
appears between the <tag>firstname</tag> and
<tag>surname</tag>.  Otherwise, <tag>othername</tag>
is suppressed.
</para>

</refsection>
</refentry>
