<refentry xmlns="http://docbook.org/ns/docbook"
          xmlns:xlink="http://www.w3.org/1999/xlink"
          xmlns:xi="http://www.w3.org/2001/XInclude"
          xmlns:src="http://nwalsh.com/xmlns/litprog/fragment"
          xmlns:xsl="http://www.w3.org/1999/XSL/Transform"
          version="5.0" xml:id="autotoc.label.in.hyperlink">
<refmeta>
<refentrytitle>autotoc.label.in.hyperlink</refentrytitle>
<refmiscinfo class="other" otherclass="datatype">boolean</refmiscinfo>
</refmeta>
<refnamediv>
<refname>autotoc.label.in.hyperlink</refname>
<refpurpose>Include lable in hyperlinked titles in TOC?</refpurpose>
</refnamediv>

<refsynopsisdiv>
<src:fragment xml:id="autotoc.label.in.hyperlink.frag"><xsl:param name="autotoc.label.in.hyperlink" select="1"/></src:fragment>
</refsynopsisdiv>

<refsection><info><title>Description</title></info>

<para>If the value of
<parameter>autotoc.label.in.hyperlink</parameter> is non-zero, labels
are included in hyperlinked titles in the TOC. If it is instead zero,
labels are still displayed prior to the hyperlinked titles, but
are not hyperlinked along with the titles.</para>

</refsection>
</refentry>
