<refentry xmlns="http://docbook.org/ns/docbook"
          xmlns:xlink="http://www.w3.org/1999/xlink"
          xmlns:xi="http://www.w3.org/2001/XInclude"
          xmlns:src="http://nwalsh.com/xmlns/litprog/fragment"
          xmlns:xsl="http://www.w3.org/1999/XSL/Transform"
          version="5.0" xml:id="callout.graphics.number.limit">
<refmeta>
<refentrytitle>callout.graphics.number.limit</refentrytitle>
<refmiscinfo class="other" otherclass="datatype">integer</refmiscinfo>
</refmeta>
<refnamediv>
<refname>callout.graphics.number.limit</refname>
<refpurpose>Number of the largest callout graphic</refpurpose>
</refnamediv>

<refsynopsisdiv>
<src:fragment xml:id="callout.graphics.number.limit.frag">
<xsl:param condition="html" name="callout.graphics.number.limit" select="'15'"/>
<xsl:param condition="fo" name="callout.graphics.number.limit" select="'30'"/>
</src:fragment>
</refsynopsisdiv>

<refsection><info><title>Description</title></info>

<para>If <parameter>callout.graphics</parameter>
is non-zero, graphics are used to represent
callout numbers. The value of
<parameter>callout.graphics.number.limit</parameter>
is
the largest number for which a graphic exists. If the callout number
exceeds this limit, the default presentation "(nnn)" will always
be used.
</para>

</refsection>
</refentry>
