<refentry xmlns="http://docbook.org/ns/docbook"
          xmlns:xlink="http://www.w3.org/1999/xlink"
          xmlns:xi="http://www.w3.org/2001/XInclude"
          xmlns:src="http://nwalsh.com/xmlns/litprog/fragment"
          xmlns:xsl="http://www.w3.org/1999/XSL/Transform"
          version="5.0" xml:id="chunker.output.method">
<refmeta>
<refentrytitle>chunker.output.method</refentrytitle>
<refmiscinfo class="other" otherclass="datatype">list</refmiscinfo>
<refmiscinfo class="other" otherclass="value">html</refmiscinfo>
<refmiscinfo class="other" otherclass="value">xml</refmiscinfo>
</refmeta>
<refnamediv>
<refname>chunker.output.method</refname>
<refpurpose>Method used in generated pages</refpurpose>
</refnamediv>

<refsynopsisdiv>&lt;xsl:param name="chunker.output.method" select="'html'"/&gt;
</refsynopsisdiv>

<refsection><info><title>Description</title></info>

<para>This parameter specifies the output method to be used in files
generated by the chunking stylesheet.
</para>

<para>This parameter used to be named <literal>output.method</literal>.</para>

<note>
<para>This parameter is documented here, but the declaration is actually
in the <filename>chunker.xsl</filename> stylesheet module.</para>
</note>

</refsection>
</refentry>
