<refentry xmlns="http://docbook.org/ns/docbook"
          xmlns:xlink="http://www.w3.org/1999/xlink"
          xmlns:xi="http://www.w3.org/2001/XInclude"
          xmlns:src="http://nwalsh.com/xmlns/litprog/fragment"
          xmlns:xsl="http://www.w3.org/1999/XSL/Transform"
          version="5.0" xml:id="footnote.number.format">
<refmeta>
<refentrytitle>footnote.number.format</refentrytitle>
<refmiscinfo class="other" otherclass="datatype">list</refmiscinfo> 
<refmiscinfo class="other" otherclass="value">1<alt>1,2,3...</alt></refmiscinfo>
<refmiscinfo class="other" otherclass="value">A<alt>A,B,C...</alt></refmiscinfo>
<refmiscinfo class="other" otherclass="value">a<alt>a,b,c...</alt></refmiscinfo>
<refmiscinfo class="other" otherclass="value">i<alt>i,ii,iii...</alt></refmiscinfo>
<refmiscinfo class="other" otherclass="value">I<alt>I,II,III...</alt></refmiscinfo>
</refmeta>
<refnamediv>
<refname>footnote.number.format</refname>
<refpurpose>Identifies the format used for footnote numbers</refpurpose>
</refnamediv>

<refsynopsisdiv>
<src:fragment xml:id="footnote.number.format.frag">
<xsl:param name="footnote.number.format" select="'1'"/>
</src:fragment>
</refsynopsisdiv>

<refsection><info><title>Description</title></info>

<para>The <parameter>footnote.number.format</parameter> specifies the format
to use for footnote numeration (1, i, I, a, or A).</para>

</refsection>
</refentry>
