<refentry xmlns="http://docbook.org/ns/docbook"
          xmlns:xlink="http://www.w3.org/1999/xlink"
          xmlns:xi="http://www.w3.org/2001/XInclude"
          xmlns:src="http://nwalsh.com/xmlns/litprog/fragment"
          xmlns:xsl="http://www.w3.org/1999/XSL/Transform"
          version="5.0" xml:id="function.parens">
<refmeta>
<refentrytitle>function.parens</refentrytitle>
<refmiscinfo class="other" otherclass="datatype">boolean</refmiscinfo>
</refmeta>
<refnamediv>
<refname>function.parens</refname>
<refpurpose>Generate parens after a function?</refpurpose>
</refnamediv>

<refsynopsisdiv>
<src:fragment xml:id="function.parens.frag"><xsl:param name="function.parens">0</xsl:param></src:fragment>
</refsynopsisdiv>

<refsection><info><title>Description</title></info>

<para>If not 0, the formatting of
a <tag class="starttag">function</tag> element will include
generated parenthesis.
</para>

</refsection>
</refentry>
