<refentry xmlns="http://docbook.org/ns/docbook"
          xmlns:xlink="http://www.w3.org/1999/xlink"
          xmlns:xi="http://www.w3.org/2001/XInclude"
          xmlns:src="http://nwalsh.com/xmlns/litprog/fragment"
          xmlns:xsl="http://www.w3.org/1999/XSL/Transform"
          version="5.0" xml:id="htmlhelp.button.refresh">
<refmeta>
<refentrytitle>htmlhelp.button.refresh</refentrytitle>
<refmiscinfo class="other" otherclass="datatype">boolean</refmiscinfo>
</refmeta>
<refnamediv>
<refname>htmlhelp.button.refresh</refname>
<refpurpose>Should be Refresh button shown?</refpurpose>
</refnamediv>

<refsynopsisdiv>
<src:fragment xml:id="htmlhelp.button.refresh.frag">
<xsl:param name="htmlhelp.button.refresh" select="0"/>
</src:fragment>
</refsynopsisdiv>

<refsection><info><title>Description</title></info>

<para>If you want Refresh button shown on toolbar, turn this
parameter to 1.</para>

</refsection>
</refentry>
