<refentry xmlns="http://docbook.org/ns/docbook"
          xmlns:xlink="http://www.w3.org/1999/xlink"
          xmlns:xi="http://www.w3.org/2001/XInclude"
          xmlns:src="http://nwalsh.com/xmlns/litprog/fragment"
          xmlns:xsl="http://www.w3.org/1999/XSL/Transform"
          version="5.0" xml:id="htmlhelp.force.map.and.alias">
<refmeta>
<refentrytitle>htmlhelp.force.map.and.alias</refentrytitle>
<refmiscinfo class="other" otherclass="datatype">boolean</refmiscinfo>
</refmeta>
<refnamediv>
<refname>htmlhelp.force.map.and.alias</refname>
<refpurpose>Should be [MAP] and [ALIAS] section added to project file unconditionaly?</refpurpose>
</refnamediv>

<refsynopsisdiv>
<src:fragment xml:id="htmlhelp.force.map.and.alias.frag">
<xsl:param name="htmlhelp.force.map.and.alias" select="0"/>
</src:fragment>
</refsynopsisdiv>

<refsection><info><title>Description</title></info>

<para>You should turn on this flag, if you have your own
<filename>alias.h</filename> and <filename>contex.h</filename> files
and you want include reference to them in project file.</para>

</refsection>
</refentry>
