<refentry xmlns="http://docbook.org/ns/docbook"
          xmlns:xlink="http://www.w3.org/1999/xlink"
          xmlns:xi="http://www.w3.org/2001/XInclude"
          xmlns:src="http://nwalsh.com/xmlns/litprog/fragment"
          xmlns:xsl="http://www.w3.org/1999/XSL/Transform"
          version="5.0" xml:id="img.src.path">
<refmeta>
<refentrytitle>img.src.path</refentrytitle>
<refmiscinfo class="other" otherclass="datatype">string</refmiscinfo>
</refmeta>
<refnamediv>
<refname>img.src.path</refname>
<refpurpose>Path to HTML image files</refpurpose>
</refnamediv>

<refsynopsisdiv>
<src:fragment xml:id="img.src.path.frag"><xsl:param name="img.src.path"/></src:fragment>
</refsynopsisdiv>

<refsection><info><title>Description</title></info>

<para>Add a path prefix to each HTML
<tag class="element">img</tag> or FO 
<tag class="element">fo:external-graphics</tag> element's
<tag class="attribute">src</tag> attribute.
This path could relative to the directory where the HTML/FO
files are created, or it could be an absolute URI.
The default value is empty.
Be sure to include a trailing slash if needed.
</para>
<para>This prefix is not applied to any filerefs that start
with "/" or contain "//:".
</para>

</refsection>
</refentry>
