<refentry xmlns="http://docbook.org/ns/docbook"
          xmlns:xlink="http://www.w3.org/1999/xlink"
          xmlns:xi="http://www.w3.org/2001/XInclude"
          xmlns:src="http://nwalsh.com/xmlns/litprog/fragment"
          xmlns:xsl="http://www.w3.org/1999/XSL/Transform"
          version="5.0" xml:id="link.mailto.url">
<refmeta>
<refentrytitle>link.mailto.url</refentrytitle>
<refmiscinfo class="other" otherclass="datatype">string</refmiscinfo>
</refmeta>
<refnamediv>
<refname>link.mailto.url</refname>
<refpurpose>Mailto URL for the LINK REL=made HTML HEAD element</refpurpose>
</refnamediv>

<refsynopsisdiv>
<src:fragment xml:id="link.mailto.url.frag"><xsl:param name="link.mailto.url"/></src:fragment>
</refsynopsisdiv>

<refsection><info><title>Description</title></info>

<para>If not the empty string, this address will be used for the
REL=made <tag>LINK</tag> element in the HTML <tag>HEAD</tag>.
</para>

</refsection>
</refentry>
