<refentry xmlns="http://docbook.org/ns/docbook"
          xmlns:xlink="http://www.w3.org/1999/xlink"
          xmlns:xi="http://www.w3.org/2001/XInclude"
          xmlns:src="http://nwalsh.com/xmlns/litprog/fragment"
          xmlns:xsl="http://www.w3.org/1999/XSL/Transform"
          version="5.0" xml:id="pages.template">
<refmeta>
<refentrytitle>pages.template</refentrytitle>
<refmiscinfo class="other" otherclass="datatype">uri</refmiscinfo>
</refmeta>
<refnamediv>
<refname>pages.template</refname>
<refpurpose>Specify the template Pages document</refpurpose>
</refnamediv>

<refsynopsisdiv>
<src:fragment xml:id="pages.template.frag">
<xsl:param name="pages.template" select="''"/>
</src:fragment>
</refsynopsisdiv>

<refsection><info><title>Description</title></info>

<para>The <parameter>pages.template</parameter> parameter specifies a Pages (the Apple word processing application) document to use as a template for the generated document.  The template document is used to define the (extensive) headers for the generated document, in particular the paragraph and character styles that are used to format the various elements.  Any content in the template document is ignored.</para>

<para>A template document is used in order to allow maintenance of the paragraph and character styles to be done using Pages itself, rather than these XSL stylesheets.</para>

</refsection>
</refentry>
