<refentry xmlns="http://docbook.org/ns/docbook"
          xmlns:xlink="http://www.w3.org/1999/xlink"
          xmlns:xi="http://www.w3.org/2001/XInclude"
          xmlns:src="http://nwalsh.com/xmlns/litprog/fragment"
          xmlns:xsl="http://www.w3.org/1999/XSL/Transform"
          version="5.0" xml:id="page.margin.bottom">
<refmeta>
<refentrytitle>page.margin.bottom</refentrytitle>
<refmiscinfo class="other" otherclass="datatype">length</refmiscinfo>
</refmeta>
<refnamediv>
<refname>page.margin.bottom</refname>
<refpurpose>The bottom margin of the page</refpurpose>
</refnamediv>

<refsynopsisdiv>
<src:fragment xml:id="page.margin.bottom.frag">
<xsl:param name="page.margin.bottom" select="'0.5in'"/>
</src:fragment>
</refsynopsisdiv>

<refsection><info><title>Description</title></info>

<para>The bottom page margin is the distance from the bottom of the region-after
to the physical bottom of the page.
</para>

</refsection>
</refentry>
