<refentry xmlns="http://docbook.org/ns/docbook"
          xmlns:xlink="http://www.w3.org/1999/xlink"
          xmlns:xi="http://www.w3.org/2001/XInclude"
          xmlns:src="http://nwalsh.com/xmlns/litprog/fragment"
          xmlns:xsl="http://www.w3.org/1999/XSL/Transform"
          version="5.0" xml:id="points.per.em">
<refmeta>
<refentrytitle>points.per.em</refentrytitle>
<refmiscinfo class="other" otherclass="datatype">number</refmiscinfo>
</refmeta>
<refnamediv>
<refname>points.per.em</refname>
<refpurpose>Specify the nominal size of an em-space in points</refpurpose>
</refnamediv>

<refsynopsisdiv>
<src:fragment xml:id="points.per.em.frag">
<xsl:param name="points.per.em" select="10"/>
</src:fragment>
</refsynopsisdiv>

<refsection><info><title>Description</title></info>

<para>FIXME:</para>

</refsection>
</refentry>
