<refentry xmlns="http://docbook.org/ns/docbook"
          xmlns:xlink="http://www.w3.org/1999/xlink"
          xmlns:xi="http://www.w3.org/2001/XInclude"
          xmlns:src="http://nwalsh.com/xmlns/litprog/fragment"
          xmlns:xsl="http://www.w3.org/1999/XSL/Transform"
          version="5.0" xml:id="punct.honorific">
<refmeta>
<refentrytitle>punct.honorific</refentrytitle>
<refmiscinfo class="other" otherclass="datatype">string</refmiscinfo>
</refmeta>
<refnamediv>
<refname>punct.honorific</refname>
<refpurpose>Punctuation after an honorific in a personal name.</refpurpose>
</refnamediv>

<refsynopsisdiv>
<src:fragment xml:id="punct.honorific.frag">
<xsl:param name="punct.honorific" select="'.'"/>
</src:fragment>
</refsynopsisdiv>

<refsection><info><title>Description</title></info>

<para>This parameter specifies the punctuation that should be added after an
honorific in a personal name.</para>

</refsection>
</refentry>
