<refentry xmlns="http://docbook.org/ns/docbook"
          xmlns:xlink="http://www.w3.org/1999/xlink"
          xmlns:xi="http://www.w3.org/2001/XInclude"
          xmlns:src="http://nwalsh.com/xmlns/litprog/fragment"
          xmlns:xsl="http://www.w3.org/1999/XSL/Transform"
          version="5.0" xml:id="refentry.generate.name">
<refmeta>
<refentrytitle>refentry.generate.name</refentrytitle>
<refmiscinfo class="other" otherclass="datatype">boolean</refmiscinfo>
</refmeta>
<refnamediv>
<refname>refentry.generate.name</refname>
<refpurpose>Output NAME header before 'RefName'(s)?</refpurpose>
</refnamediv>

<refsynopsisdiv>
<src:fragment xml:id="refentry.generate.name.frag"><xsl:param name="refentry.generate.name" select="1"/></src:fragment>
</refsynopsisdiv>

<refsection><info><title>Description</title></info>

<para>If true (non-zero), a "NAME" section title is output before the list
of 'RefName's. This parameter and
<parameter>refentry.generate.title</parameter> are mutually
exclusive. This means that if you change this parameter to zero, you
should set <parameter>refentry.generate.title</parameter> to 1 unless
you want get quite strange output.
</para>

</refsection>
</refentry>
