<refentry xmlns="http://docbook.org/ns/docbook"
          xmlns:xlink="http://www.w3.org/1999/xlink"
          xmlns:xi="http://www.w3.org/2001/XInclude"
          xmlns:src="http://nwalsh.com/xmlns/litprog/fragment"
          xmlns:xsl="http://www.w3.org/1999/XSL/Transform"
          version="5.0" xml:id="runinhead.title.end.punct">
<refmeta>
<refentrytitle>runinhead.title.end.punct</refentrytitle>
<refmiscinfo class="other" otherclass="datatype">string</refmiscinfo>
</refmeta>
<refnamediv>
<refname>runinhead.title.end.punct</refname>
<refpurpose>Characters that count as punctuation on a run-in-head</refpurpose>
</refnamediv>

<refsynopsisdiv>
<src:fragment xml:id="runinhead.title.end.punct.frag"><xsl:param name="runinhead.title.end.punct" select="'.!?:'"/></src:fragment>
</refsynopsisdiv>

<refsection><info><title>Description</title></info>

<para>FIXME:
</para>

</refsection>
</refentry>
