<refentry xmlns="http://docbook.org/ns/docbook"
          xmlns:xlink="http://www.w3.org/1999/xlink"
          xmlns:xi="http://www.w3.org/2001/XInclude"
          xmlns:src="http://nwalsh.com/xmlns/litprog/fragment"
          xmlns:xsl="http://www.w3.org/1999/XSL/Transform"
          version="5.0" xml:id="section.title.level3.properties">
<refmeta>
<refentrytitle>section.title.level3.properties</refentrytitle>
<refmiscinfo class="other" otherclass="datatype">attribute set</refmiscinfo>
</refmeta>
<refnamediv>
<refname>section.title.level3.properties</refname>
<refpurpose>Properties for level-1 section titles</refpurpose>
</refnamediv>

<refsynopsisdiv>
<src:fragment xml:id="section.title.level3.properties.frag">
<xsl:attribute-set name="section.title.level3.properties">
  <xsl:attribute name="font-size">
    <xsl:value-of select="$body.font.master * 1.44"/>
    <xsl:text>pt</xsl:text>
  </xsl:attribute>
</xsl:attribute-set>
</src:fragment>
</refsynopsisdiv>

<refsection><info><title>Description</title></info>

<para>The properties of level-3 section titles.</para>

</refsection>
</refentry>
