<refentry xmlns="http://docbook.org/ns/docbook"
          xmlns:xlink="http://www.w3.org/1999/xlink"
          xmlns:xi="http://www.w3.org/2001/XInclude"
          xmlns:src="http://nwalsh.com/xmlns/litprog/fragment"
          xmlns:xsl="http://www.w3.org/1999/XSL/Transform"
          version="5.0" xml:id="targets.filename"> 
<refmeta> 
<refentrytitle>targets.filename</refentrytitle> 
<refmiscinfo class="other" otherclass="datatype">string</refmiscinfo> 
</refmeta> 
<refnamediv> 
<refname>targets.filename</refname> 
<refpurpose>Name of cross reference targets data file</refpurpose> 
</refnamediv> 
<refsynopsisdiv> <src:fragment xml:id="targets.filename.frag">
<xsl:param name="targets.filename" select="'target.db'"/>
</src:fragment> 
</refsynopsisdiv> 
<refsection><info><title>Description</title></info>
 
<para>
In order to resolve olinks efficiently, the stylesheets can
generate an external data file containing information about
all potential cross reference endpoints in a document.
This parameter lets you change the name of the generated
file from the default name <filename>target.db</filename>.
The name must agree with that used in the target database
used to resolve olinks during processing.
See also <parameter>target.database.document</parameter>.
</para> 
</refsection> 
</refentry>
