<refentry xmlns="http://docbook.org/ns/docbook"
          xmlns:xlink="http://www.w3.org/1999/xlink"
          xmlns:xi="http://www.w3.org/2001/XInclude"
          xmlns:src="http://nwalsh.com/xmlns/litprog/fragment"
          xmlns:xsl="http://www.w3.org/1999/XSL/Transform"
          version="5.0" xml:id="textinsert.extension">
<refmeta>
<refentrytitle>textinsert.extension</refentrytitle>
<refmiscinfo class="other" otherclass="datatype">boolean</refmiscinfo>
</refmeta>
<refnamediv>
<refname>textinsert.extension</refname>
<refpurpose>Enable the textinsert extension element</refpurpose>
</refnamediv>

<refsynopsisdiv>
<src:fragment xml:id="textinsert.extension.frag"><xsl:param name="textinsert.extension" select="'1'"/></src:fragment>
</refsynopsisdiv>

<refsection><info><title>Description</title></info>

<para>The textinsert extension element inserts the contents of a
a file into the result tree (as text).
</para>

</refsection>
</refentry>
