<refentry xmlns="http://docbook.org/ns/docbook"
          xmlns:xlink="http://www.w3.org/1999/xlink"
          xmlns:xi="http://www.w3.org/2001/XInclude"
          xmlns:src="http://nwalsh.com/xmlns/litprog/fragment"
          xmlns:xsl="http://www.w3.org/1999/XSL/Transform"
          version="5.0" xml:id="ulink.footnotes">
<refmeta>
<refentrytitle>ulink.footnotes</refentrytitle>
<refmiscinfo class="other" otherclass="datatype">boolean</refmiscinfo>
</refmeta>
<refnamediv>
<refname>ulink.footnotes</refname>
<refpurpose>Generate footnotes for <tag>ULink</tag>s?</refpurpose>
</refnamediv>

<refsynopsisdiv>
<src:fragment xml:id="ulink.footnotes.frag">
<xsl:param name="ulink.footnotes" select="0"/>
</src:fragment>
</refsynopsisdiv>

<refsection><info><title>Description</title></info>

<para>If non-zero, the URL of each <tag>ULink</tag> will
appear as a footnote.
</para>

</refsection>
</refentry>
