<refentry xmlns="http://docbook.org/ns/docbook"
          xmlns:xlink="http://www.w3.org/1999/xlink"
          xmlns:xi="http://www.w3.org/2001/XInclude"
          xmlns:src="http://nwalsh.com/xmlns/litprog/fragment"
          xmlns:xsl="http://www.w3.org/1999/XSL/Transform"
          version="5.0" xml:id="ulink.target">
<refmeta>
<refentrytitle>ulink.target</refentrytitle>
<refmiscinfo class="other" otherclass="datatype">string</refmiscinfo>
</refmeta>
<refnamediv>
<refname>ulink.target</refname>
<refpurpose>The HTML anchor target for ULinks</refpurpose>
</refnamediv>

<refsynopsisdiv>
<src:fragment xml:id="ulink.target.frag"><xsl:param name="ulink.target" select="'_top'"/></src:fragment>
</refsynopsisdiv>

<refsection><info><title>Description</title></info>

<para>If <parameter>ulink.target</parameter> is set, its value will
be used for the <tag class="attribute">target</tag> attribute
on anchors generated for <tag>ulink</tag>s.</para>

</refsection>
</refentry>
